{
  "oldParams": true,
  "wave_type": 1,
  "p_env_attack": -0.0020615601876737884,
  "p_env_sustain": 0.4149204542865171,
  "p_env_punch": 0.42617820963660125,
  "p_env_decay": -0.27621252125159756,
  "p_base_freq": 0.363,
  "p_freq_limit": 0,
  "p_freq_ramp": 5.892669554306707e-10,
  "p_freq_dramp": -0.6981202046359671,
  "p_vib_strength": -0.0010602250420463216,
  "p_vib_speed": 0.44208594070195106,
  "p_arp_mod": -0.3629610621014303,
  "p_arp_speed": 0.06279969727698975,
  "p_duty": 0.13966208877063968,
  "p_duty_ramp": -0.1337817085393183,
  "p_repeat_speed": -0.7707034616946662,
  "p_pha_offset": 0.7517928527075626,
  "p_pha_ramp": -0.18506634785845916,
  "p_lpf_freq": 0.9957714465711259,
  "p_lpf_ramp": -0.04680146234740666,
  "p_lpf_resonance": 0.06484627923751263,
  "p_hpf_freq": 0.3089810456538829,
  "p_hpf_ramp": -0.7396944294907594,
  "sound_vol": 0.25,
  "sample_rate": 44100,
  "sample_size": 8
}
