{
  "oldParams": true,
  "wave_type": 3,
  "p_env_attack": -0.40904204568099023,
  "p_env_sustain": 1,
  "p_env_punch": 0.3856470550706266,
  "p_env_decay": 1,
  "p_base_freq": 0.04228006325014451,
  "p_freq_limit": 0,
  "p_freq_ramp": -0.0005302414990685991,
  "p_freq_dramp": 0.02869926534702067,
  "p_vib_strength": -0.03302520812990096,
  "p_vib_speed": 0.6587352670305044,
  "p_arp_mod": 0.16809721101469677,
  "p_arp_speed": -0.22325434507174702,
  "p_duty": 0.9820881900027163,
  "p_duty_ramp": -0.35245908413202404,
  "p_repeat_speed": 0.7194721664654813,
  "p_pha_offset": -0.1561165260215147,
  "p_pha_ramp": -0.32883642309366407,
  "p_lpf_freq": 0.6987591932421797,
  "p_lpf_ramp": 0.18777768946873286,
  "p_lpf_resonance": 0.46302452059538557,
  "p_hpf_freq": 0.00015426166192422392,
  "p_hpf_ramp": 0.5652308709853067,
  "sound_vol": 0.25,
  "sample_rate": 44100,
  "sample_size": 8
}
